
-- 用户表
INSERT INTO FX110.SYS_USER (USER_ID, USER_NAME, MOBILE, EMAIL, REAL_NAME, GROUP_ID, CREATE_TIME, UPDATE_TIME, STATUS, LOCAL_AUTH_ID, AVATAR_URL, GENDER) VALUES (3, 'user_3', '13027783163', 'daodao_3@163.com', '测试_3', 3, TO_TIMESTAMP('2018-08-26 15:37:51.738000', 'YYYY-MM-DD HH24:MI:SS.FF6'), TO_TIMESTAMP('2018-08-26 15:37:51.738000', 'YYYY-MM-DD HH24:MI:SS.FF6'), 1, 3, '/img/av.jpg', 'm');
INSERT INTO FX110.SYS_USER (USER_ID, USER_NAME, MOBILE, EMAIL, REAL_NAME, GROUP_ID, CREATE_TIME, UPDATE_TIME, STATUS, LOCAL_AUTH_ID, AVATAR_URL, GENDER) VALUES (4, 'user_4', '13027783164', 'daodao_4@163.com', '测试_4', 4, TO_TIMESTAMP('2018-08-26 15:37:51.939000', 'YYYY-MM-DD HH24:MI:SS.FF6'), TO_TIMESTAMP('2018-08-26 15:37:51.939000', 'YYYY-MM-DD HH24:MI:SS.FF6'), 1, 4, '/img/av.jpg', 'm');
INSERT INTO FX110.SYS_USER (USER_ID, USER_NAME, MOBILE, EMAIL, REAL_NAME, GROUP_ID, CREATE_TIME, UPDATE_TIME, STATUS, LOCAL_AUTH_ID, AVATAR_URL, GENDER) VALUES (5, 'user_5', '13027783165', 'daodao_5@163.com', '测试_5', 5, TO_TIMESTAMP('2018-08-26 15:37:52.108000', 'YYYY-MM-DD HH24:MI:SS.FF6'), TO_TIMESTAMP('2018-08-26 15:37:52.108000', 'YYYY-MM-DD HH24:MI:SS.FF6'), 1, 5, '/img/av.jpg', 'm');
INSERT INTO FX110.SYS_USER (USER_ID, USER_NAME, MOBILE, EMAIL, REAL_NAME, GROUP_ID, CREATE_TIME, UPDATE_TIME, STATUS, LOCAL_AUTH_ID, AVATAR_URL, GENDER) VALUES (6, 'user_6', '13027783166', 'daodao_6@163.com', '测试_6', 6, TO_TIMESTAMP('2018-08-26 15:37:52.300000', 'YYYY-MM-DD HH24:MI:SS.FF6'), TO_TIMESTAMP('2018-08-26 15:37:52.300000', 'YYYY-MM-DD HH24:MI:SS.FF6'), 1, 6, '/img/av.jpg', 'm');
INSERT INTO FX110.SYS_USER (USER_ID, USER_NAME, MOBILE, EMAIL, REAL_NAME, GROUP_ID, CREATE_TIME, UPDATE_TIME, STATUS, LOCAL_AUTH_ID, AVATAR_URL, GENDER) VALUES (7, 'user_7', '13027783167', 'daodao_7@163.com', '测试_7', 7, TO_TIMESTAMP('2018-08-26 15:37:52.467000', 'YYYY-MM-DD HH24:MI:SS.FF6'), TO_TIMESTAMP('2018-08-26 15:37:52.467000', 'YYYY-MM-DD HH24:MI:SS.FF6'), 1, 7, '/img/av.jpg', 'm');
INSERT INTO FX110.SYS_USER (USER_ID, USER_NAME, MOBILE, EMAIL, REAL_NAME, GROUP_ID, CREATE_TIME, UPDATE_TIME, STATUS, LOCAL_AUTH_ID, AVATAR_URL, GENDER) VALUES (8, 'user_8', '13027783168', 'daodao_8@163.com', '测试_8', 8, TO_TIMESTAMP('2018-08-26 15:37:52.639000', 'YYYY-MM-DD HH24:MI:SS.FF6'), TO_TIMESTAMP('2018-08-26 15:37:52.639000', 'YYYY-MM-DD HH24:MI:SS.FF6'), 1, 8, '/img/av.jpg', 'm');
INSERT INTO FX110.SYS_USER (USER_ID, USER_NAME, MOBILE, EMAIL, REAL_NAME, GROUP_ID, CREATE_TIME, UPDATE_TIME, STATUS, LOCAL_AUTH_ID, AVATAR_URL, GENDER) VALUES (9, 'user_9', '13027783169', 'daodao_9@163.com', '测试_9', 9, TO_TIMESTAMP('2018-08-26 15:37:52.814000', 'YYYY-MM-DD HH24:MI:SS.FF6'), TO_TIMESTAMP('2018-08-26 15:37:52.814000', 'YYYY-MM-DD HH24:MI:SS.FF6'), 1, 9, '/img/av.jpg', 'm');
INSERT INTO FX110.SYS_USER (USER_ID, USER_NAME, MOBILE, EMAIL, REAL_NAME, GROUP_ID, CREATE_TIME, UPDATE_TIME, STATUS, LOCAL_AUTH_ID, AVATAR_URL, GENDER) VALUES (1, 'user_1', '13027783161', 'daodao_1@163.com', '测试_1', 1, TO_TIMESTAMP('2018-08-26 15:37:50.334000', 'YYYY-MM-DD HH24:MI:SS.FF6'), TO_TIMESTAMP('2018-08-26 15:37:50.334000', 'YYYY-MM-DD HH24:MI:SS.FF6'), 1, 1, '/img/av.jpg', 'm');
INSERT INTO FX110.SYS_USER (USER_ID, USER_NAME, MOBILE, EMAIL, REAL_NAME, GROUP_ID, CREATE_TIME, UPDATE_TIME, STATUS, LOCAL_AUTH_ID, AVATAR_URL, GENDER) VALUES (2, 'user_2', '13027783162', 'daodao_2@163.com', '测试_2', 2, TO_TIMESTAMP('2018-08-26 15:37:51.465000', 'YYYY-MM-DD HH24:MI:SS.FF6'), TO_TIMESTAMP('2018-08-26 15:37:51.465000', 'YYYY-MM-DD HH24:MI:SS.FF6'), 1, 2, '/img/av.jpg', 'm');

-- 用户密码表
INSERT INTO FX110.SYS_USER_LOCAL_AUTH (ID, PASSWORD, SALT, CREATE_TIME, UPDATE_TIME, STATUS) VALUES (3, '$2a$10$dvHVaTrHrtWlhbeSDYrAY.mIAR83CfWNz0u6eM4PMUvHodH1gGhqu', 'salt', TO_TIMESTAMP('2018-08-26 15:37:51.738000', 'YYYY-MM-DD HH24:MI:SS.FF6'), TO_TIMESTAMP('2018-08-26 15:37:51.738000', 'YYYY-MM-DD HH24:MI:SS.FF6'), 1);
INSERT INTO FX110.SYS_USER_LOCAL_AUTH (ID, PASSWORD, SALT, CREATE_TIME, UPDATE_TIME, STATUS) VALUES (4, '$2a$10$dvHVaTrHrtWlhbeSDYrAY.mIAR83CfWNz0u6eM4PMUvHodH1gGhqu', 'salt', TO_TIMESTAMP('2018-08-26 15:37:51.939000', 'YYYY-MM-DD HH24:MI:SS.FF6'), TO_TIMESTAMP('2018-08-26 15:37:51.939000', 'YYYY-MM-DD HH24:MI:SS.FF6'), 1);
INSERT INTO FX110.SYS_USER_LOCAL_AUTH (ID, PASSWORD, SALT, CREATE_TIME, UPDATE_TIME, STATUS) VALUES (5, '$2a$10$dvHVaTrHrtWlhbeSDYrAY.mIAR83CfWNz0u6eM4PMUvHodH1gGhqu', 'salt', TO_TIMESTAMP('2018-08-26 15:37:52.108000', 'YYYY-MM-DD HH24:MI:SS.FF6'), TO_TIMESTAMP('2018-08-26 15:37:52.108000', 'YYYY-MM-DD HH24:MI:SS.FF6'), 1);
INSERT INTO FX110.SYS_USER_LOCAL_AUTH (ID, PASSWORD, SALT, CREATE_TIME, UPDATE_TIME, STATUS) VALUES (6, '$2a$10$dvHVaTrHrtWlhbeSDYrAY.mIAR83CfWNz0u6eM4PMUvHodH1gGhqu', 'salt', TO_TIMESTAMP('2018-08-26 15:37:52.300000', 'YYYY-MM-DD HH24:MI:SS.FF6'), TO_TIMESTAMP('2018-08-26 15:37:52.300000', 'YYYY-MM-DD HH24:MI:SS.FF6'), 1);
INSERT INTO FX110.SYS_USER_LOCAL_AUTH (ID, PASSWORD, SALT, CREATE_TIME, UPDATE_TIME, STATUS) VALUES (7, '$2a$10$dvHVaTrHrtWlhbeSDYrAY.mIAR83CfWNz0u6eM4PMUvHodH1gGhqu', 'salt', TO_TIMESTAMP('2018-08-26 15:37:52.467000', 'YYYY-MM-DD HH24:MI:SS.FF6'), TO_TIMESTAMP('2018-08-26 15:37:52.467000', 'YYYY-MM-DD HH24:MI:SS.FF6'), 1);
INSERT INTO FX110.SYS_USER_LOCAL_AUTH (ID, PASSWORD, SALT, CREATE_TIME, UPDATE_TIME, STATUS) VALUES (8, '$2a$10$dvHVaTrHrtWlhbeSDYrAY.mIAR83CfWNz0u6eM4PMUvHodH1gGhqu', 'salt', TO_TIMESTAMP('2018-08-26 15:37:52.639000', 'YYYY-MM-DD HH24:MI:SS.FF6'), TO_TIMESTAMP('2018-08-26 15:37:52.639000', 'YYYY-MM-DD HH24:MI:SS.FF6'), 1);
INSERT INTO FX110.SYS_USER_LOCAL_AUTH (ID, PASSWORD, SALT, CREATE_TIME, UPDATE_TIME, STATUS) VALUES (9, '$2a$10$dvHVaTrHrtWlhbeSDYrAY.mIAR83CfWNz0u6eM4PMUvHodH1gGhqu', 'salt', TO_TIMESTAMP('2018-08-26 15:37:52.814000', 'YYYY-MM-DD HH24:MI:SS.FF6'), TO_TIMESTAMP('2018-08-26 15:37:52.814000', 'YYYY-MM-DD HH24:MI:SS.FF6'), 1);
INSERT INTO FX110.SYS_USER_LOCAL_AUTH (ID, PASSWORD, SALT, CREATE_TIME, UPDATE_TIME, STATUS) VALUES (1, '$2a$10$dvHVaTrHrtWlhbeSDYrAY.mIAR83CfWNz0u6eM4PMUvHodH1gGhqu', 'salt', TO_TIMESTAMP('2018-08-26 15:37:50.334000', 'YYYY-MM-DD HH24:MI:SS.FF6'), TO_TIMESTAMP('2018-08-26 15:37:50.334000', 'YYYY-MM-DD HH24:MI:SS.FF6'), 1);
INSERT INTO FX110.SYS_USER_LOCAL_AUTH (ID, PASSWORD, SALT, CREATE_TIME, UPDATE_TIME, STATUS) VALUES (2, '$2a$10$dvHVaTrHrtWlhbeSDYrAY.mIAR83CfWNz0u6eM4PMUvHodH1gGhqu', 'salt', TO_TIMESTAMP('2018-08-26 15:37:51.465000', 'YYYY-MM-DD HH24:MI:SS.FF6'), TO_TIMESTAMP('2018-08-26 15:37:51.465000', 'YYYY-MM-DD HH24:MI:SS.FF6'), 1);

-- 用户角色表
INSERT INTO FX110.SYS_USER_ROLE (ID, ROLE_ID, USER_ID) VALUES (10, 1, 1);
INSERT INTO FX110.SYS_USER_ROLE (ID, ROLE_ID, USER_ID) VALUES (11, 2, 2);
INSERT INTO FX110.SYS_USER_ROLE (ID, ROLE_ID, USER_ID) VALUES (12, 3, 3);
INSERT INTO FX110.SYS_USER_ROLE (ID, ROLE_ID, USER_ID) VALUES (13, 4, 4);
INSERT INTO FX110.SYS_USER_ROLE (ID, ROLE_ID, USER_ID) VALUES (14, 5, 5);
INSERT INTO FX110.SYS_USER_ROLE (ID, ROLE_ID, USER_ID) VALUES (15, 6, 6);
INSERT INTO FX110.SYS_USER_ROLE (ID, ROLE_ID, USER_ID) VALUES (16, 7, 7);
INSERT INTO FX110.SYS_USER_ROLE (ID, ROLE_ID, USER_ID) VALUES (17, 8, 8);
INSERT INTO FX110.SYS_USER_ROLE (ID, ROLE_ID, USER_ID) VALUES (18, 9, 9);

-- 角色表
INSERT INTO FX110.SYS_ROLE (ROLE_ID, ROLE_NAME, ROLE_DESC) VALUES (1, 'ROLE_GOVERNOR', 'A');
INSERT INTO FX110.SYS_ROLE (ROLE_ID, ROLE_NAME, ROLE_DESC) VALUES (2, 'ROLE_MAYOR', 'B');
INSERT INTO FX110.SYS_ROLE (ROLE_ID, ROLE_NAME, ROLE_DESC) VALUES (3, 'ROLE_COUNTY', 'C');
INSERT INTO FX110.SYS_ROLE (ROLE_ID, ROLE_NAME, ROLE_DESC) VALUES (4, 'ROLE_ZHENZHANG', 'D');
INSERT INTO FX110.SYS_ROLE (ROLE_ID, ROLE_NAME, ROLE_DESC) VALUES (5, 'ROLE_COUNTRY', 'E');
INSERT INTO FX110.SYS_ROLE (ROLE_ID, ROLE_NAME, ROLE_DESC) VALUES (6, 'ROLE_VILLAGE', 'F');
INSERT INTO FX110.SYS_ROLE (ROLE_ID, ROLE_NAME, ROLE_DESC) VALUES (7, 'ROLE_CAPTAIN', 'G');
INSERT INTO FX110.SYS_ROLE (ROLE_ID, ROLE_NAME, ROLE_DESC) VALUES (8, 'ROLE_GROUP', 'H');
INSERT INTO FX110.SYS_ROLE (ROLE_ID, ROLE_NAME, ROLE_DESC) VALUES (9, 'ROLE_PEOPLE', 'I');


-- 预警表
INSERT INTO FX110.YWB_BJ_YJXXB (ID, XSAJ, ZAAJ, QZQZ, JTLJQ, HZSG, JBTS, SHLD, QTXSJ, ZHSG, XZWF, QTJQ, TYPE) VALUES (1, 1, 3, 3, 4, 5, 6, 7, 8, 9, 11, 12, '黄色预警');
INSERT INTO FX110.YWB_BJ_YJXXB (ID, XSAJ, ZAAJ, QZQZ, JTLJQ, HZSG, JBTS, SHLD, QTXSJ, ZHSG, XZWF, QTJQ, TYPE) VALUES (2, 2, 22, 13, 14, 15, 16, 17, 18, 19, 20, 21, '红色预警');